							
	DÍA	MES	AÑO	HORA	CIUDAD	PAÍS	FORMA
	16	2	2026	20:42	Marechal Deodoro	Brasil	Huevo
	28	1	2026	0:05	Nuevo Castillo	EEUU	Huevo
	11	1	2026	12:45:00	Montanha	Brasil	Huevo
	6	1	2026	13:50:00	Shickshinny	EEUU	Huevo
	5	12	2025	7:44:00	Fondeadero	EEUU	Huevo
	21	11	2025	12:56	No especificado	EEUU	Huevo
	10	11	2025	3:30:00	Cornelius	EEUU	Huevo
	6	11	2025	22:34:00	Parklea	Australia	Huevo
	11	10	2025	21:30:00	Nanaimo	Canadá	Huevo
	28	9	2025	19:00	Scottsdale	EEUU	Huevo
	26	9	2025	19:08	Tulsa	EEUU	Huevo
	14	9	2025	16:05	Keizer	EEUU	Huevo
	9	9	2025	11:55:00	Séneca	EEUU	Huevo
	1	9	2025	1:59:00	Wakefield	EEUU	Huevo
	14	8	2025	0:00	Logan	EEUU	Huevo
	30	7	2025	5:40	Wynnum	Australia	Huevo
	16	7	2025	12:00	Long Beach	EEUU	Huevo
	4	7	2025	1:11:00	Manantiales Oil	Canadá	Huevo
	29	6	2025	14:51	Surrey	Canadá	Huevo
	22	6	2025	20:30	Mequon	EEUU	Huevo
	22	6	2025	15:48	Milwaukee	EEUU	Huevo
	20	6	2025	15:29	Boston	EEUU	Huevo
	11	6	2025	20:47:00	Udappankulam	India	Huevo
	25	5	2025	19:40	Tucson	EEUU	Huevo
	17	5	2025	19:54	Sandiacre	Reino Unido	Huevo
	8	5	2025	21:00:00	Oslo	Noruega	Huevo
	5	5	2025	17:00:00	St. Cloud	EEUU	Huevo
	4	5	2025	18:45:00	Valle Feliz	EEUU	Huevo
	4	5	2025	17:00:00	Muratpaşa	Turquía	Huevo
	1	5	2025	22:30:00	Mears Junction	EEUU	Huevo
	1	5	2025	12:10:00	Lethbridge	Canadá	Huevo
	30	4	2025	22:15	Boise	EEUU	Huevo
	9	4	2025	20:22:00	Westover	EEUU	Huevo
	5	4	2025	20:55:00	Eugene	EEUU	Huevo
	15	3	2025	11:30	Ocala	EEUU	Huevo
	8	3	2025	14:30:00	Lagos Lino	EEUU	Huevo
	28	2	2025	5:55	Lake City	EEUU	Huevo
	24	2	2025	17:52	Kensett	EEUU	Huevo
	27	1	2025	2:10	Caseros	Argentina	Huevo
	17	1	2025	4:04	Gresham	EEUU	Huevo
	8	1	2025	0:47:00	Kuppenheim	Alemania	Huevo
	5	1	2025	18:34:00	Isaac Arriaga	Mexico	Huevo
	12	12	2024	17:20:00	Bengaluru	India	Huevo
	10	12	2024	22:00:00	Selfoss	Iceland	Huevo
	20	11	2024	21:27	Grodzisk Mazowiecki	Poland	Huevo
	14	11	2024	23:01	Garland	EEUU	Huevo
	11	11	2024	15:00:00	Belém	Brasil	Huevo
	1	11	2024	13:56:00	Lombard	EEUU	Huevo
	18	10	2024	19:45	Lewes	EEUU	Huevo
	10	10	2024	16:05:00	Mississauga	Canadá	Huevo
	17	9	2024	5:14	Ponte Vedra Beach	EEUU	Huevo
	29	8	2024	18:00	Kirkland	EEUU	Huevo
	15	8	2024	22:00	St. Ignace	EEUU	Huevo
	3	7	2024	5:02:00	Sumter	EEUU	Huevo
	14	6	2024	19:15	Ottawa	Canadá	Huevo
	20	5	2024	16:00	Eskişehir	Turkey	Huevo
	27	4	2024	20:35	Chatham	EEUU	Huevo
	13	4	2024	20:15	King of Prussia	EEUU	Huevo
	13	4	2024	0:03	Coldwater	Canadá	Huevo
	30	3	2024	12:00	Murfreesboro	EEUU	Huevo
	29	3	2024	20:08	Muncy	EEUU	Huevo
	13	3	2024	22:56	Rochester	EEUU	Huevo
	10	3	2024	15:14:00	Redondo Beach	EEUU	Huevo
	21	2	2024	22:19	Fremont	EEUU	Huevo
	14	2	2024	22:54	Barrie	Canadá	Huevo
	26	1	2024	19:00	Glen Aubrey	EEUU	Huevo
	6	1	2024	14:00:00	Gilbert	EEUU	Huevo
	18	12	2023	17:15	Bastrop	EEUU	Huevo
	8	12	2023	4:11:00	Macomb	EEUU	Huevo
	19	11	2023	16:07	Shamong	EEUU	Huevo
	11	11	2023	17:27:00	Wallasey	Reino Unido	Huevo
	1	11	2023	14:00:00	Silverwood	EEUU	Huevo
	30	10	2023	20:13	Lubbock	EEUU	Huevo
	21	10	2023	2:59	Miami Shores	EEUU	Huevo
	18	10	2023	1:41	Columbia - Área de Fort Meade	EEUU	Huevo
	2	10	2023	22:21:00	No especificado	EEUU	Huevo
	1	10	2023	20:18:00	SHELBYVILLE	EEUU	Huevo
	1	10	2023	13:55:00	Mount Vernon	EEUU	Huevo
	30	9	2023	16:00	Brentwood	EEUU	Huevo
	25	9	2023	21:45	Eaglesham	Reino Unido	Huevo
	18	9	2023	18:58	Penrose	EEUU	Huevo
	9	9	2023	17:00:00	Byron	EEUU	Huevo
	1	9	2023	20:30:00	Sunbury	EEUU	Huevo
	1	9	2023	6:00:00	Rochester	EEUU	Huevo
	29	8	2023	10:19	Worcester	EEUU	Huevo
	24	8	2023	15:12	Chicago	EEUU	Huevo
	13	8	2023	21:30	Olympia	EEUU	Huevo
	11	8	2023	21:20:00	Esmirna	Turquía	Huevo
	11	8	2023	21:20:00	Esmirna	Turquía	Huevo
	10	8	2023	19:00:00	Dulce hogar	EEUU	Huevo
	10	8	2023	8:10:00	Clifton	EEUU	Huevo
	2	8	2023	5:30:00	Palm Springs	EEUU	Huevo
	30	7	2023	20:18	Brooklyn	EEUU	Huevo
	26	7	2023	20:03	Saphan cantó	Tailandia	Huevo
	25	7	2023	19:00	Atascadero	EEUU	Huevo
	11	7	2023	12:00:00	Rochester	EEUU	Huevo
	10	7	2023	7:20:00	Lincoln	EEUU	Huevo
	9	7	2023	23:41:00	No especificado	EEUU	Huevo
	17	6	2023	1:10	Robles de feria	EEUU	Huevo
	4	6	2023	19:30:00	Willis	EEUU	Huevo
	31	5	2023	18:00	Virginia Beach	EEUU	Huevo
	22	5	2023	4:50	Westport	EEUU	Huevo
	13	5	2023	15:45	Boston	EEUU	Huevo
	8	5	2023	12:30:00	Municipio de Hazle	EEUU	Huevo
	7	5	2023	20:00:00	Los Ángeles	EEUU	Huevo
	7	5	2023	14:55:00	Sheffield	Reino Unido	Huevo
	28	4	2023	2:15	Cheyenne	EEUU	Huevo
	2	4	2023	21:02:00	Atlantic Beach	EEUU	Huevo
	1	3	2023	18:57:00	Fontana	EEUU	Huevo
	1	3	2023	10:36:00	Kelo	Chad	Huevo
	28	2	2023	18:16	Tipp City	EEUU	Huevo
	21	2	2023	14:10	Burnsville	EEUU	Huevo
	2	2	2023	18:25:00	Danés	EEUU	Huevo
	1	2	2023	21:06:00	Puyallup	EEUU	Huevo
	28	1	2023	16:00	Patatas fritas	EEUU	Huevo
	23	1	2023	20:13	Kailua	EEUU	Huevo
	18	1	2023	13:15	Fuerte Payne	EEUU	Huevo
	17	1	2023	21:00	Seattle	EEUU	Huevo
	10	1	2023	15:05:00	Cumming	EEUU	Huevo
	6	1	2023	23:30:00	Riverview	EEUU	Huevo
	14	12	2022	2:46	Calverton	EEUU	Huevo
	11	12	2022	16:05:00	Denver	EEUU	Huevo
	8	12	2022	3:09:00	Ciudad de Ventnor	EEUU	Huevo
	3	12	2022	22:00:00	West Monroe	EEUU	Huevo
	29	10	2022	18:29	Topeka	EEUU	Huevo
	21	10	2022	13:12	Taos	EEUU	Huevo
	20	10	2022	15:09	Bonang	Australia	Huevo
	16	10	2022	18:45	Tyrone	EEUU	Huevo
	24	9	2022	19:40	Leesburg	EEUU	Huevo
	24	9	2022	19:32	St augustine	EEUU	Huevo
	24	9	2022	11:16	Warren	EEUU	Huevo
	7	8	2022	22:45	Sammamish	EEUU	Huevo
	2	8	2022	21:05	fredericksburg	EEUU	Huevo
	29	7	2022	17:38	lakewood	EEUU	Huevo
	3	7	2022	20:57	Tipp City	EEUU	Huevo
	25	6	2022	18:00	Hockley	No especificado	Huevo
	20	6	2022	7:35	Dandridge	EEUU	Huevo
	19	6	2022	21:51	Gatineau	Canadá	Huevo
	18	6	2022	16:50	Hockley	EEUU	Huevo
	13	6	2022	19:48	Bowling Green	EEUU	Huevo
	11	6	2022	16:30	Haydenville	EEUU	Huevo
	2	6	2022	11:59	Converse	EEUU	Huevo
	16	5	2022	0:01	Macon	EEUU	Huevo
	9	5	2022	12:00	Ragged point	EEUU	Huevo
	30	4	2022	14:55	Fountain Valley	EEUU	Huevo
	28	4	2022	19:30	Glendale	EEUU	Huevo
	4	4	2022	14:28	Sacramento	EEUU	Huevo
	1	4	2022	13:45	Georgetown	EEUU	Huevo
	18	3	2022	7:10	Villa Rica	EEUU	Huevo
	3	3	2022	8:01	Phoenix	EEUU	Huevo
	14	2	2022	12:00	Jenks	EEUU	Huevo
	19	1	2022	13:04	Reading	EEUU	Huevo
	15	1	2022	15:55	Boston Area	EEUU	Huevo
	12	1	2022	17:32	Ozark	EEUU	Huevo
	18	12	2021	17:30	Ragged Point	EEUU	Huevo
	14	12	2021	6:00	Staten island	EEUU	Huevo
	15	11	2021	17:45	Lincoln City	EEUU	Huevo
	11	11	2021	9:00	Taipei (Taiwan)	Taiwan	Huevo
	10	9	2021	23:30	Sweetwater	EEUU	Huevo
	29	8	2021	3:35	Columbus	EEUU	Huevo
	15	8	2021	17:46	Atlantic Ocean (in sky; above)	EEUU	Huevo
	6	7	2021	22:44	calgary	Canadá	Huevo
	26	6	2021	13:32	Marathon	EEUU	Huevo
	3	6	2021	3:00	Boynton beach	EEUU	Huevo
	30	5	2021	17:06	North Hollywood	EEUU	Huevo
	1	5	2021	12:45	West Hollywood	EEUU	Huevo
	22	4	2021	10:00	Surprise	EEUU	Huevo
	15	3	2021	19:00	Quilcene	EEUU	Huevo
	14	3	2021	9:00	Isleboro	EEUU	Huevo
	13	3	2021	13:00	Jacksonville	EEUU	Huevo
	9	2	2021	22:45	NYC (Brooklyn)	EEUU	Huevo
	26	1	2021	18:00	San Antonio	EEUU	Huevo
	25	1	2021	15:30	Trabuco Canyon	EEUU	Huevo
	11	12	2020	18:09	Burlington	EEUU	Huevo
	3	11	2020	21:00	Chicago	EEUU	Huevo
	21	10	2020	22:00	Mullica hillf	EEUU	Huevo
	17	10	2020	10:00	Newton-in-Cartmel (UK/England)	Reino Unido	Huevo
	8	10	2020	20:15	Sevierville	EEUU	Huevo
	5	10	2020	20:00	New York City (Brooklyn)	EEUU	Huevo
	30	9	2020	17:08	Edmond	EEUU	Huevo
	4	9	2020	23:00	Livingston	EEUU	Huevo
	1	9	2020	15:00	North Providence	EEUU	Huevo
	26	8	2020	23:00	New Franken	EEUU	Huevo
	12	8	2020	17:30	Boston	EEUU	Huevo
	7	8	2020	3:00	Klamath Falls	EEUU	Huevo
	31	7	2020	22:30	Toronto	Canadá	Huevo
	31	7	2020	15:38	Norwalk	EEUU	Huevo
	28	7	2020	17:20	Albuquerque	EEUU	Huevo
	27	7	2020	3:10	Glassboro	EEUU	Huevo
	27	7	2020	3:10	Glassboro	EEUU	Huevo
	24	7	2020	0:00	Waterbury	EEUU	Huevo
	19	7	2020	20:00	Fairdale	EEUU	Huevo
	12	7	2020	19:30	Astoria	EEUU	Huevo
	12	7	2020	No especificado	Los Angeles	EEUU	Huevo
	27	6	2020	22:15	Gold beach	EEUU	Huevo
	21	5	2020	19:30	Marina Del Rey	EEUU	Huevo
	19	5	2020	22:00	Kingston	EEUU	Huevo
	19	5	2020	13:45	Philadelphia	EEUU	Huevo
	12	5	2020	1:30	Kennesaw	EEUU	Huevo
	10	5	2020	23:00	Cool	EEUU	Huevo
	27	4	2020	23:00	Fayetteville	EEUU	Huevo
	25	4	2020	23:57	Tucson	EEUU	Huevo
	7	4	2020	18:00	Warrior	EEUU	Huevo
	1	4	2020	0:00	Stockton	EEUU	Huevo
	23	3	2020	21:30	West Hills	EEUU	Huevo
	18	3	2020	22:00	Colorado Springs	EEUU	Huevo
	18	3	2020	10:00	Colorado Springs	EEUU	Huevo
	4	3	2020	21:51	Lashburn (Canada)	Canadá	Huevo
	28	2	2020	16:02	Holly Springs	EEUU	Huevo
	11	2	2020	19:30	San Francisco	EEUU	Huevo
	28	1	2020	9:45	Asheville	EEUU	Huevo
	26	1	2020	18:15	Kenai	EEUU	Huevo
	22	1	2020	17:45	Warren	EEUU	Huevo
	11	1	2020	4:30	Garretson	EEUU	Huevo
	6	1	2020	21:30	Supply	EEUU	Huevo
	5	12	2019	4:45	Norfolk	EEUU	Huevo
	23	11	2019	5:00	Pinetop	EEUU	Huevo
	10	11	2019	0:30	Glenpool	EEUU	Huevo
	24	10	2019	18:45	Anaheim	EEUU	Huevo
	12	10	2019	20:19	University Place	EEUU	Huevo
	12	10	2019	18:30	Louisville	EEUU	Huevo
	7	10	2019	17:31	Racine	EEUU	Huevo
	5	10	2019	18:00	Hainesport	EEUU	Huevo
	4	10	2019	20:12	Chesapeake	EEUU	Huevo
	4	10	2019	13:40	Brick	EEUU	Huevo
	30	9	2019	19:00	Lewisville	EEUU	Huevo
	25	9	2019	16:00	Buellton	EEUU	Huevo
	24	9	2019	21:55	Tucson	EEUU	Huevo
	19	9	2019	9:00	Flagstaff	EEUU	Huevo
	14	9	2019	22:00	Troy	EEUU	Huevo
	2	9	2019	15:00	Pikeville	EEUU	Huevo
	31	8	2019	12:20	Lake Oswego	EEUU	Huevo
	31	8	2019	8:00	Alpine	EEUU	Huevo
	22	8	2019	12:00	Albuquerque	EEUU	Huevo
	19	8	2019	5:00	Ann Arbor (E of; on S HWY 23)	EEUU	Huevo
	11	8	2019	16:30	Phoenix	EEUU	Huevo
	11	8	2019	16:30	Phoenix	EEUU	Huevo
	31	7	2019	21:15	Ararat	EEUU	Huevo
	29	7	2019	10:30	Watsonville	EEUU	Huevo
	24	7	2019	23:00	Plymouth	EEUU	Huevo
	24	7	2019	22:55	Killingly	EEUU	Huevo
	22	7	2019	20:35	Louisville	EEUU	Huevo
	16	7	2019	21:40	Chicago	EEUU	Huevo
	8	7	2019	19:00	Dundee Townnship	EEUU	Huevo
	5	7	2019	21:35	Lockhart	EEUU	Huevo
	2	7	2019	18:00	Morrisonville	EEUU	Huevo
	23	6	2019	19:30	Medford	EEUU	Huevo
	15	6	2019	22:55	St. Paul	EEUU	Huevo
	31	5	2019	17:00	Wilkes-Barre	EEUU	Huevo
	25	5	2019	22:30	New Ulm	EEUU	Huevo
	25	5	2019	22:00	New Holland	EEUU	Huevo
	18	5	2019	21:20	Fortson	EEUU	Huevo
	17	5	2019	20:25	Fort Myers	EEUU	Huevo
	13	5	2019	16:30	Olive Branch	EEUU	Huevo
	26	4	2019	11:00	Tempe	EEUU	Huevo
	21	4	2019	23:00	Lexington	EEUU	Huevo
	17	4	2019	19:55	North Phoenix	EEUU	Huevo
	29	3	2019	7:00	Greenwood	EEUU	Huevo
	14	3	2019	21:00	Old Bridge	EEUU	Huevo
	12	3	2019	14:00	Portsmouth	EEUU	Huevo
	26	2	2019	21:00	Summerville	EEUU	Huevo
	23	2	2019	19:00	Millinocket	EEUU	Huevo
	22	2	2019	5:00	Clementon	EEUU	Huevo
	18	2	2019	14:40	Charleston	EEUU	Huevo
	14	2	2019	11:24	Fayetteville	EEUU	Huevo
	1	1	2019	13:00	Calgary (Canada)	Canadá	Huevo
	1	1	2019	0:03	Sarasota	EEUU	Huevo
	23	12	2018	18:00	Corona	EEUU	Huevo
	26	10	2018	14:00	Akron	EEUU	Huevo
	23	9	2018	8:28	Hollister	EEUU	Huevo
	11	9	2018	20:31	The Woodlands	EEUU	Huevo
	14	8	2018	15:00	Stoke on Trent (UK/England)	Reino Unido	Huevo
	14	8	2018	7:30	Shelburne	EEUU	Huevo
	9	8	2018	21:00	Magnolia	EEUU	Huevo
	21	7	2018	4:15	Pompano Beach	EEUU	Huevo
	14	7	2018	13:15	Pilot Rock	EEUU	Huevo
	2	7	2018	0:50	Ankeny	EEUU	Huevo
	10	6	2018	10:00	Hayden	EEUU	Huevo
	2	6	2018	20:10	Rochester	EEUU	Huevo
	15	5	2018	23:00	Kahului	EEUU	Huevo
	2	5	2018	20:30	Lamesa	EEUU	Huevo
	2	5	2018	14:00	Farmington	EEUU	Huevo
	22	4	2018	23:50	Tolland	EEUU	Huevo
	17	4	2018	11:00	Burnt Hills	EEUU	Huevo
	22	3	2018	7:18	Pelham	EEUU	Huevo
	8	3	2018	16:47	Bailey	EEUU	Huevo
	24	2	2018	14:30	Parkland	EEUU	Huevo
	8	2	2018	19:15	Aurora	EEUU	Huevo
	19	1	2018	20:00	Melbourne	EEUU	Huevo
	30	12	2017	12:00	Liberty Lake	EEUU	Huevo
	11	12	2017	19:05	Gold Canyon	EEUU	Huevo
	7	12	2017	11:00	Champaign	EEUU	Huevo
	5	12	2017	16:15	Midwest City	EEUU	Huevo
	2	11	2017	2:04	Boise	EEUU	Huevo
	24	10	2017	0:35	Milford	EEUU	Huevo
	23	10	2017	1:02	Rowlett	EEUU	Huevo
	18	10	2017	1:51	Long Beach	EEUU	Huevo
	27	9	2017	23:00	Derby/Ansonia	EEUU	Huevo
	23	9	2017	22:54	Whittier	EEUU	Huevo
	20	9	2017	23:00	Port Lambton (Canada)	Canadá	Huevo
	14	9	2017	23:30	Napa	EEUU	Huevo
	8	9	2017	18:25	Albuquerque	EEUU	Huevo
	7	9	2017	22:00	Billings	EEUU	Huevo
	30	8	2017	20:05	San tan valley	EEUU	Huevo
	19	8	2017	7:20	Mansfield	EEUU	Huevo
	19	8	2017	6:20	New York City (Jamaica)	EEUU	Huevo
	15	8	2017	17:00	Silverton	EEUU	Huevo
	8	8	2017	6:53	Ridgewood	EEUU	Huevo
	3	8	2017	21:40	South Daytona	EEUU	Huevo
	23	7	2017	20:30	Meriden	EEUU	Huevo
	17	6	2017	18:00	St. Paul	EEUU	Huevo
	6	6	2017	23:55	Brussels (Belgium)	Belgium	Huevo
	6	6	2017	10:00	Reno	EEUU	Huevo
	2	6	2017	23:55	Brussels (Belgium)	Belgium	Huevo
	2	6	2017	21:15	Lake Havasu City	EEUU	Huevo
	23	5	2017	1:00	Leadville	EEUU	Huevo
	14	5	2017	13:30	Covington	EEUU	Huevo
	11	5	2017	21:00	Alamogordo	EEUU	Huevo
	30	4	2017	4:25	Chiloquin	EEUU	Huevo
	16	4	2017	22:00	Loveland	EEUU	Huevo
	14	4	2017	22:00	Saint James	EEUU	Huevo
	13	3	2017	14:00	Las Vegas	EEUU	Huevo
	26	2	2017	15:30	Superior	EEUU	Huevo
	22	2	2017	20:50	Bowen Island (Canada)	Canadá	Huevo
	20	2	2017	12:45	Hiwassee	EEUU	Huevo
	15	2	2017	9:50	Algood	EEUU	Huevo
	10	1	2017	21:40	Hemingway	EEUU	Huevo
	1	1	2017	0:05	Rancho Cordova	EEUU	Huevo
	31	12	2016	17:00	Mesa	EEUU	Huevo
	29	12	2016	20:40	Delray Beach	EEUU	Huevo
	15	12	2016	20:00	Davie	EEUU	Huevo
	15	11	2016	20:00	Phoenix	EEUU	Huevo
	7	11	2016	13:30	Staten Island	EEUU	Huevo
	27	10	2016	10:00	Asheboro	EEUU	Huevo
	9	10	2016	0:00	Mt. Airy	EEUU	Huevo
	29	9	2016	22:10	Phenix City	EEUU	Huevo
	24	9	2016	3:13	Downy	EEUU	Huevo
	9	9	2016	9:30	Sandy	EEUU	Huevo
	30	8	2016	23:57	Holden	EEUU	Huevo
	28	8	2016	12:16	Piscataway	EEUU	Huevo
	27	8	2016	23:00	Surf City	EEUU	Huevo
	14	8	2016	18:00	Vancouver	EEUU	Huevo
	12	8	2016	7:00	Reynoldsburg	EEUU	Huevo
	11	8	2016	19:30	Ashland	EEUU	Huevo
	4	8	2016	20:30	Upper St. Clair	EEUU	Huevo
	3	8	2016	4:00	Winnemucca	EEUU	Huevo
	17	7	2016	22:35	New York City (over the Hudson)	EEUU	Huevo
	10	7	2016	11:00	Edmonton (Canada)	Canadá	Huevo
	9	7	2016	0:40	Syracuse	EEUU	Huevo
	6	7	2016	10:15	Littleton	EEUU	Huevo
	19	6	2016	4:30	Buena Park	EEUU	Huevo
	8	6	2016	18:20	Buena Park	EEUU	Huevo
	1	6	2016	22:00	Amsterdam	EEUU	Huevo
	21	5	2016	19:15	Myrtle Beach	EEUU	Huevo
	29	4	2016	21:45	Santa Cruz	EEUU	Huevo
	25	4	2016	1:00	Waverly	EEUU	Huevo
	19	4	2016	21:17	Rothsay	EEUU	Huevo
	26	3	2016	14:25	Sacramento	EEUU	Huevo
	11	3	2016	20:00	Skykomish	EEUU	Huevo
	4	3	2016	19:09	Las Vegas	EEUU	Huevo
	19	2	2016	21:00	Churchville	EEUU	Huevo
	23	1	2016	10:30	Yuma	EEUU	Huevo
	31	12	2015	15:00	Monmouth	EEUU	Huevo
	21	11	2015	1:30	Vannuys	EEUU	Huevo
	18	11	2015	13:50	San Diego	EEUU	Huevo
	12	11	2015	4:30	Alexandria	EEUU	Huevo
	12	11	2015	4:00	Alexandria	EEUU	Huevo
	8	11	2015	3:30	Milwaukee	EEUU	Huevo
	7	11	2015	19:05	Pie Town	EEUU	Huevo
	7	11	2015	18:15	29 Palms	EEUU	Huevo
	29	10	2015	2:00	Orlando	EEUU	Huevo
	26	10	2015	13:38	Centreville	EEUU	Huevo
	24	10	2015	2:30	Medford	EEUU	Huevo
	23	10	2015	18:56	Happy Valley	EEUU	Huevo
	6	10	2015	14:00	Annapolis/Crofton	EEUU	Huevo
	4	10	2015	14:10	St. Petersburg	EEUU	Huevo
	25	9	2015	1:00	Paterson	EEUU	Huevo
	16	9	2015	22:30	Winnsboro	EEUU	Huevo
	14	9	2015	18:30	Annapolis	EEUU	Huevo
	12	9	2015	15:00	Guatemala	Guatemala	Huevo
	23	8	2015	0:15	Kenmore	EEUU	Huevo
	16	8	2015	22:00	Centereach	EEUU	Huevo
	31	7	2015	23:00	West Friendship	EEUU	Huevo
	31	7	2015	22:16	Venise en Quebec (Canada)	Canadá	Huevo
	4	7	2015	22:48	Buffalo	EEUU	Huevo
	1	7	2015	9:30	Tirupati (India)	India	Huevo
	30	6	2015	21:00	Cincinnati	EEUU	Huevo
	29	6	2015	0:30	Phoenix	EEUU	Huevo
	22	6	2015	20:02	Long Beach	EEUU	Huevo
	13	6	2015	15:30	Waterbury	EEUU	Huevo
	23	5	2015	13:00	Michelton/Brisbane (Australia)	Australia	Huevo
	15	5	2015	14:30	Baltimore	EEUU	Huevo
	1	5	2015	0:07	Mountain Home	EEUU	Huevo
	27	4	2015	18:30	Sacramento	EEUU	Huevo
	11	4	2015	1:15	Pontotoc	EEUU	Huevo
	28	3	2015	16:20	Valley Stream	EEUU	Huevo
	18	2	2015	23:00	Cannock (UK/England)	Reino Unido	Huevo
	16	2	2015	2:45	Tomahawk	EEUU	Huevo
	12	1	2015	0:30	St. Thomas (Canada)	Canadá	Huevo
	11	12	2014	0:00	Williamsburg	EEUU	Huevo
	9	12	2014	20:48	Salt Lake City	EEUU	Huevo
	26	11	2014	17:00	Wheat Ridge	EEUU	Huevo
	24	11	2014	8:00	Spring	EEUU	Huevo
	21	11	2014	17:00	Columbia	EEUU	Huevo
	13	10	2014	20:00	Reynoldsburg	EEUU	Huevo
	28	9	2014	20:30	Stanwood	EEUU	Huevo
	25	9	2014	19:05	Colorado Springs	EEUU	Huevo
	23	9	2014	7:42	La Guajira (Venezuela)	Venezuela	Huevo
	20	9	2014	20:30	Donora	EEUU	Huevo
	15	9	2014	6:52	Jacksonville	EEUU	Huevo
	14	9	2014	22:15	Hoover	EEUU	Huevo
	13	9	2014	23:15	Anaheim	EEUU	Huevo
	13	9	2014	20:29	Vancouver	EEUU	Huevo
	8	9	2014	0:00	Schenectady	EEUU	Huevo
	6	9	2014	22:04	London (Canada)	Canadá	Huevo
	3	9	2014	10:45	Woodhaven	EEUU	Huevo
	10	8	2014	15:50	Sea-Tac	EEUU	Huevo
	2	8	2014	21:40	Orlando	EEUU	Huevo
	2	8	2014	4:30	Port Lambton (near Sarnia) (Canada)	Canadá	Huevo
	29	7	2014	20:06	Edgewood	EEUU	Huevo
	26	7	2014	1:25	Concord	EEUU	Huevo
	12	7	2014	21:05	Whitewright	EEUU	Huevo
	11	7	2014	11:30	Litchfield	EEUU	Huevo
	9	7	2014	4:40	Beaumont	EEUU	Huevo
	7	7	2014	13:00	Westerly	EEUU	Huevo
	4	7	2014	23:00	Orland Park/Bridgeview (between)	EEUU	Huevo
	4	7	2014	22:00	Bartlett	EEUU	Huevo
	4	7	2014	22:00	Emmaus	EEUU	Huevo
	3	7	2014	10:05	West Reading	EEUU	Huevo
	24	6	2014	21:55	Oklahoma City (NW part of city)	EEUU	Huevo
	17	6	2014	4:15	Tallahassee	EEUU	Huevo
	16	6	2014	9:45	Colorado Springs	EEUU	Huevo
	14	6	2014	22:40	E. Lansing	EEUU	Huevo
	13	6	2014	13:00	Hanover Park	EEUU	Huevo
	8	6	2014	19:34	Scottsdale	EEUU	Huevo
	2	6	2014	12:00	Florence	EEUU	Huevo
	25	5	2014	0:00	North Las Vegas	EEUU	Huevo
	22	5	2014	No especificado	Birmingham	EEUU	Huevo
	18	5	2014	20:50	Phoenix	EEUU	Huevo
	18	5	2014	11:00	Stuart	EEUU	Huevo
	14	5	2014	20:25	UK/England	Reino Unido	Huevo
	10	5	2014	22:00	Gloucester	EEUU	Huevo
	3	5	2014	4:10	Fulton	EEUU	Huevo
	29	4	2014	13:00	Atlanta	EEUU	Huevo
	19	4	2014	13:00	Parma	EEUU	Huevo
	18	4	2014	0:00	Mt. Pleasant	EEUU	Huevo
	15	4	2014	17:45	Sylva	EEUU	Huevo
	5	4	2014	18:00	Morehead City	EEUU	Huevo
	24	3	2014	23:30	Eugene (general area)	EEUU	Huevo
	24	3	2014	22:00	Reynoldsville	EEUU	Huevo
	23	3	2014	21:38	Darfield (New Zealand)	New Zealand	Huevo
	21	3	2014	21:45	Bakersfield	EEUU	Huevo
	16	2	2014	21:45	Pismo	EEUU	Huevo
	15	2	2014	1:30	Santa Ana	EEUU	Huevo
	26	1	2014	18:30	Albuquerque	EEUU	Huevo
	21	1	2014	8:30	Park City	EEUU	Huevo
	12	1	2014	17:45	River Vale	EEUU	Huevo
	2	1	2014	19:00	Venice	EEUU	Huevo
	1	1	2014	19:45	Boston	EEUU	Huevo
	1	1	2014	1:45	Bradenton	EEUU	Huevo
	1	1	2014	1:00	Chandler	EEUU	Huevo
	1	1	2014	0:05	Albuquerque	EEUU	Huevo
	25	12	2013	16:25	Fredericksburg	EEUU	Huevo
	22	12	2013	8:45	Virginia Beach	EEUU	Huevo
	17	12	2013	13:30	Brunswick	EEUU	Huevo
	9	12	2013	18:20	Marietta	EEUU	Huevo
	29	11	2013	11:00	Newark	EEUU	Huevo
	28	11	2013	18:30	Manassas	EEUU	Huevo
	1	11	2013	20:30	Nashville	EEUU	Huevo
	1	11	2013	20:29	Johns Creek	EEUU	Huevo
	1	11	2013	19:30	Pismo	EEUU	Huevo
	20	10	2013	18:30	No especificado	EEUU	Huevo
	16	10	2013	22:30	South Weber	EEUU	Huevo
	9	10	2013	17:00	Wellington	EEUU	Huevo
	8	10	2013	19:30	Cumming	EEUU	Huevo
	6	9	2013	21:25	Prosser	EEUU	Huevo
	1	9	2013	15:00	San Antonio	EEUU	Huevo
	20	8	2013	21:14	Flat Rock	EEUU	Huevo
	19	8	2013	23:00	Virginia Beach	EEUU	Huevo
	12	8	2013	13:00	Arlington Heights	EEUU	Huevo
	9	8	2013	10:30	Naches	EEUU	Huevo
	6	8	2013	21:00	Lawndale	EEUU	Huevo
	4	8	2013	10:50	Berkley	EEUU	Huevo
	31	7	2013	23:10	Commerce	EEUU	Huevo
	29	7	2013	18:35	Madison	EEUU	Huevo
	29	7	2013	18:35	Madison	EEUU	Huevo
	25	7	2013	19:00	Major (Canada)	Canadá	Huevo
	24	7	2013	2:31	Lybrook	EEUU	Huevo
	19	7	2013	17:00	Elkins	EEUU	Huevo
	10	7	2013	22:22	Jacksonville	EEUU	Huevo
	4	7	2013	21:20	Chalfont	EEUU	Huevo
	4	7	2013	20:50	Chalfont	EEUU	Huevo
	3	7	2013	4:07	Surprise	EEUU	Huevo
	29	6	2013	No especificado	Monrowville	EEUU	Huevo
	26	6	2013	20:00	New York City (Brooklyn)	EEUU	Huevo
	22	6	2013	22:00	San Tan Valley	EEUU	Huevo
	22	6	2013	14:30	Worcester	EEUU	Huevo
	17	6	2013	19:00	Meeker	EEUU	Huevo
	12	6	2013	22:45	Kalispell	EEUU	Huevo
	8	6	2013	23:45	Wyomissing	EEUU	Huevo
	2	6	2013	12:55	Puget-Theniers (France)	France	Huevo
	31	5	2013	1:00	Marion	EEUU	Huevo
	16	5	2013	18:35	Honolulu	EEUU	Huevo
	8	5	2013	13:30	Boulder	EEUU	Huevo
	29	3	2013	21:00	Gainesville	EEUU	Huevo
	15	3	2013	20:00	Woodstock	EEUU	Huevo
	10	3	2013	21:31	Winters	EEUU	Huevo
	10	3	2013	17:00	Sydney (Australia)	Australia	Huevo
	4	3	2013	No especificado	Indiana (no idea)	EEUU	Huevo
	26	1	2013	15:47	Athens	EEUU	Huevo
	7	1	2013	12:35	Greenwood	EEUU	Huevo
	1	1	2013	0:37	Farmington	EEUU	Huevo
	14	12	2012	20:00	Grand Turk (Caribbean)	Caribbean (Grand Turk)	Huevo
	13	12	2012	16:45	Ocean Springs	EEUU	Huevo
	11	12	2012	4:30	Spokane Valley	EEUU	Huevo
	29	11	2012	23:00	Mercer Island	EEUU	Huevo
	13	11	2012	5:37	Birmingham	EEUU	Huevo
	10	11	2012	21:10	Ballentine	EEUU	Huevo
	31	10	2012	22:00	Greensboro	EEUU	Huevo
	30	10	2012	18:30	Shrub Oak	EEUU	Huevo
	21	10	2012	5:30	Stewartsville	EEUU	Huevo
	18	10	2012	15:00	Sedona	EEUU	Huevo
	16	10	2012	19:11	Gold Coast (Australia)	Australia	Huevo
	14	10	2012	12:50	Centralia	EEUU	Huevo
	27	9	2012	20:40	Scotrun	EEUU	Huevo
	21	9	2012	20:30	Plainfeild	EEUU	Huevo
	18	9	2012	21:30	Bradley	EEUU	Huevo
	15	9	2012	21:00	Meridian	EEUU	Huevo
	11	9	2012	20:40	St. Catharines (Canada)	Canadá	Huevo
	29	8	2012	12:00	New York City (Bronx)	EEUU	Huevo
	21	8	2012	20:30	North Bend	EEUU	Huevo
	12	8	2012	20:30	Denver	EEUU	Huevo
	12	8	2012	20:30	Sun City Summerlin	EEUU	Huevo
	31	7	2012	21:00	London (UK/England)	Reino Unido	Huevo
	24	7	2012	23:40	East Palestine	EEUU	Huevo
	15	7	2012	3:00	Columbus	EEUU	Huevo
	10	7	2012	18:30	Jackson Center	EEUU	Huevo
	9	7	2012	5:35	Los Angeles	EEUU	Huevo
	4	7	2012	22:33	Fort Collins	EEUU	Huevo
	4	7	2012	18:00	Gaithersburg	EEUU	Huevo
	4	7	2012	12:00	Milford	EEUU	Huevo
	29	6	2012	21:37	Shelbyville	EEUU	Huevo
	27	6	2012	2:15	Seattle	EEUU	Huevo
	19	6	2012	16:15	Rosemead	EEUU	Huevo
	12	6	2012	16:30	Laporte	EEUU	Huevo
	4	6	2012	16:00	Dallas	EEUU	Huevo
	3	6	2012	14:00	South Chicago Heights	EEUU	Huevo
	27	5	2012	20:50	Hanalei Bay	EEUU	Huevo
	18	5	2012	17:30	Fayetteville	EEUU	Huevo
	11	5	2012	17:00	Chazy	EEUU	Huevo
	7	5	2012	20:35	Portland	EEUU	Huevo
	29	4	2012	20:15	Cary	EEUU	Huevo
	6	4	2012	21:50	Reading	EEUU	Huevo
	22	3	2012	22:00	Spokane	EEUU	Huevo
	16	3	2012	12:00	Monterey	EEUU	Huevo
	6	3	2012	0:20	Russell Springs	EEUU	Huevo
	28	2	2012	22:20	Mechanicville	EEUU	Huevo
	28	2	2012	22:15	Hamden	EEUU	Huevo
	19	2	2012	19:00	Morgan Hill	EEUU	Huevo
	12	2	2012	22:45	Ft. Duchesne	EEUU	Huevo
	28	1	2012	19:15	Port St John	EEUU	Huevo
	13	1	2012	17:00	Fullerton	EEUU	Huevo
	12	1	2012	15:00	Miami	EEUU	Huevo
	5	1	2012	7:30	Maple City	EEUU	Huevo
	1	1	2012	2:00	Norfolk	EEUU	Huevo
	17	12	2011	10:50	Danby	EEUU	Huevo
	16	12	2011	17:30	Leominster	EEUU	Huevo
	1	12	2011	19:00	Holden Beach	EEUU	Huevo
	28	11	2011	18:30	Lake Oswego	EEUU	Huevo
	20	11	2011	22:00	Millbrook	EEUU	Huevo
	2	11	2011	15:50	Hermosa Beach	EEUU	Huevo
	23	10	2011	2:00	Hammond	EEUU	Huevo
	5	10	2011	20:30	Charlotte	EEUU	Huevo
	26	9	2011	18:15	Towson	EEUU	Huevo
	21	9	2011	20:00	Salem	EEUU	Huevo
	10	9	2011	20:45	Allen	EEUU	Huevo
	4	9	2011	13:30	Faribault	EEUU	Huevo
	3	9	2011	21:00	Freedom	EEUU	Huevo
	25	8	2011	0:31	Des Moines	EEUU	Huevo
	15	8	2011	15:00	New York City (Brooklyn)	EEUU	Huevo
	15	8	2011	13:30	Mississippi (central part)	EEUU	Huevo
	10	8	2011	13:00	Worcester	EEUU	Huevo
	1	8	2011	4:30	Severa Park	EEUU	Huevo
	29	7	2011	22:00	Concord	EEUU	Huevo
	5	7	2011	22:00	Stevensville	EEUU	Huevo
	4	7	2011	21:30	Lancaster	EEUU	Huevo
	30	6	2011	21:53	Salem	EEUU	Huevo
	10	6	2011	19:45	Maplewood	EEUU	Huevo
	6	6	2011	14:30	San Tan Valley	EEUU	Huevo
	18	5	2011	21:00	Savannah	EEUU	Huevo
	7	5	2011	No especificado	Winona	EEUU	Huevo
	3	5	2011	21:30	Davenport	EEUU	Huevo
	20	4	2011	0:15	Mesa	EEUU	Huevo
	9	4	2011	23:30	Port Douglas (Australia)	Australia	Huevo
	6	4	2011	21:20	Knoxville	EEUU	Huevo
	1	4	2011	8:00	Wichita	EEUU	Huevo
	13	2	2011	7:35	Clementsport (Canada)	Canadá	Huevo
	12	2	2011	6:00	Calumet	EEUU	Huevo
	10	2	2011	7:28	Rochester	EEUU	Huevo
	16	1	2011	14:30	Roswell	EEUU	Huevo
	14	1	2011	16:30	Vieux Fort	St. Lucia	Huevo
	7	1	2011	7:30	Vista	EEUU	Huevo
	23	12	2010	22:00	Peotone	EEUU	Huevo
	23	12	2010	21:00	Willmington	EEUU	Huevo
	23	12	2010	21:00	Monee	EEUU	Huevo
	23	12	2010	20:40	Peotone	EEUU	Huevo
	23	12	2010	20:30	Manteno	EEUU	Huevo
	23	12	2010	19:30	Manteno	EEUU	Huevo
	22	11	2010	23:00	Little Rock	EEUU	Huevo
	11	11	2010	15:00	Nashville	EEUU	Huevo
	2	11	2010	8:39	Flint	EEUU	Huevo
	29	10	2010	19:45	Tionesta	EEUU	Huevo
	14	10	2010	19:28	Shelbyville	EEUU	Huevo
	10	10	2010	22:30	Garden Grove	EEUU	Huevo
	18	9	2010	14:42	Rochester	EEUU	Huevo
	9	9	2010	2:00	Spanaway (south of)	EEUU	Huevo
	5	9	2010	21:40	Cincinnati	EEUU	Huevo
	2	9	2010	22:00	Oak Lawn	EEUU	Huevo
	18	8	2010	0:15	White Sulphur Springs	EEUU	Huevo
	14	8	2010	21:45	Freehold (Canada)	EEUU	Huevo
	8	8	2010	22:07	Vancouver (Canada)	Canadá	Huevo
	29	7	2010	18:50	Brielle	EEUU	Huevo
	8	7	2010	21:30	Dymchurch (UK/England)	Reino Unido	Huevo
	5	6	2010	5:50	Sydney (Australia)	Australia	Huevo
	2	6	2010	18:20	Peoria	EEUU	Huevo
	3	4	2010	11:16	Monterey	EEUU	Huevo
	20	3	2010	0:29	Bristol (UK/England)	Reino Unido	Huevo
	26	2	2010	14:00	Sonoma	EEUU	Huevo
	31	1	2010	19:40	Delray Beach	EEUU	Huevo
	31	12	2009	5:21	Mexia	EEUU	Huevo
	26	12	2009	20:00	Bedford (UK/England)	Reino Unido	Huevo
	24	12	2009	6:15	Snohomish	EEUU	Huevo
	21	12	2009	21:00	El Dorado	EEUU	Huevo
	21	12	2009	18:00	Delray Beach	EEUU	Huevo
	5	11	2009	18:20	Birmingham (UK/England)	Reino Unido	Huevo
	3	11	2009	0:00	Glen Ellyn	EEUU	Huevo
	11	10	2009	12:30	Glendale	EEUU	Huevo
	10	10	2009	12:00	Crested Butte	EEUU	Huevo
	28	9	2009	16:00	Dublin (Ireland)	Ireland	Huevo
	20	9	2009	0:00	Northern Quebec (Canada)	Canadá	Huevo
	19	9	2009	19:43	Toronto (Canada)	Canadá	Huevo
	14	8	2009	4:00	Pleasanton/Livermore	EEUU	Huevo
	30	7	2009	21:30	Pittston	EEUU	Huevo
	21	7	2009	10:20	WInchester	EEUU	Huevo
	10	7	2009	23:29	Holly Hill	EEUU	Huevo
	7	7	2009	21:05	Pueblo West	EEUU	Huevo
	5	7	2009	9:30	Bagram (Afghanistan)	Afghanistan	Huevo
	29	6	2009	0:15	New York	EEUU	Huevo
	27	6	2009	4:12	Willamsburg/Ottawa (between)	EEUU	Huevo
	22	6	2009	18:35	Mattoon	EEUU	Huevo
	14	6	2009	No especificado	Ottawa	EEUU	Huevo
	24	4	2009	11:53	Huntsville (Canada)	Canadá	Huevo
	20	4	2009	15:00	Waco	EEUU	Huevo
	15	4	2009	16:00	Jefferson	EEUU	Huevo
	31	3	2009	12:30	Muenster	EEUU	Huevo
	31	3	2009	10:15	Perth Amboy	EEUU	Huevo
	30	3	2009	13:55	Buda	EEUU	Huevo
	1	3	2009	15:30	Windsor (Canada)	Canadá	Huevo
	26	2	2009	17:00	San Pablo Bay (on Napa River)	EEUU	Huevo
	24	2	2009	10:24	Corral Hollow road vicinity (on Interstate 5)	EEUU	Huevo
	16	2	2009	18:10	Knoxville	EEUU	Huevo
	12	2	2009	14:00	Aalborg (Denmark)	Denmark	Huevo
	10	2	2009	18:00	Grover Beach	EEUU	Huevo
	8	2	2009	14:30	Erin	EEUU	Huevo
	5	2	2009	14:15	Gila Bend	EEUU	Huevo
	3	2	2009	20:00	Weaverville	EEUU	Huevo
	2	2	2009	22:15	Springfield	EEUU	Huevo
	1	2	2009	9:45	Clearwater	EEUU	Huevo
	16	1	2009	20:00	Riverside	EEUU	Huevo
	13	1	2009	21:43	Portland	EEUU	Huevo
	13	1	2009	17:15	Louisville	EEUU	Huevo
	7	1	2009	14:00	Yanbu (Saudi Arabia)	Saudi Arabia	Huevo
	4	1	2009	18:45	West Valley City	EEUU	Huevo
	2	1	2009	18:00	Clayton	EEUU	Huevo
	2	1	2009	16:30	Shoreview	EEUU	Huevo
	19	12	2008	8:45	Milpitas	EEUU	Huevo
	19	11	2008	7:30	East Haven	EEUU	Huevo
	15	11	2008	20:00	Manitowoc	EEUU	Huevo
	5	11	2008	3:45	Kathmandu (Nepal)	Nepal	Huevo
	1	11	2008	0:10	Salina	EEUU	Huevo
	31	10	2008	21:50	Hibbing	EEUU	Huevo
	22	10	2008	21:30	Green Bay	EEUU	Huevo
	15	10	2008	22:00	San Ramon	EEUU	Huevo
	14	10	2008	16:45	Falls Church	EEUU	Huevo
	7	10	2008	19:00	Ronkonkoma	EEUU	Huevo
	4	10	2008	19:45	Saint Clair Shore	EEUU	Huevo
	2	10	2008	20:00	Philadelphia	EEUU	Huevo
	1	10	2008	19:12	Bonham	EEUU	Huevo
	24	9	2008	17:40	Yaisu/Fujieda (Japan)	Japan	Huevo
	17	9	2008	20:00	Riverside	EEUU	Huevo
	9	9	2008	13:40	Oxford	EEUU	Huevo
	7	9	2008	10:30	San Jose	EEUU	Huevo
	2	9	2008	3:36	Vestal	EEUU	Huevo
	30	8	2008	23:00	Trout Lake	EEUU	Huevo
	25	8	2008	2:30	Aurora	EEUU	Huevo
	19	8	2008	11:30	Ashland	EEUU	Huevo
	17	8	2008	22:06	Washington, D.C.	EEUU	Huevo
	14	8	2008	1:30	Roseville	EEUU	Huevo
	11	8	2008	20:15	Gillette	EEUU	Huevo
	8	8	2008	15:00	Sunnyvale	EEUU	Huevo
	25	7	2008	17:00	Aurora	EEUU	Huevo
	15	7	2008	5:00	Miami	EEUU	Huevo
	11	7	2008	23:30	Perth (Australia)	Australia	Huevo
	9	7	2008	1:30	New York City (Manhattan)	EEUU	Huevo
	6	7	2008	21:45	San Antonio	EEUU	Huevo
	1	7	2008	15:00	Smithfield	EEUU	Huevo
	25	6	2008	0:00	Surrey (Canada)	Canadá	Huevo
	16	6	2008	6:50	Downers Grove	EEUU	Huevo
	14	6	2008	23:00	Brooklyn	EEUU	Huevo
	14	6	2008	22:00	Edwardsburg	EEUU	Huevo
	9	6	2008	23:00	Lowell	EEUU	Huevo
	23	5	2008	7:22	Oak Lawn	EEUU	Huevo
	19	5	2008	15:45	Pleasant Prairie	EEUU	Huevo
	15	5	2008	1:05	Tokyo (Japan)	Japan	Huevo
	13	5	2008	8:10	Los Angeles	EEUU	Huevo
	25	4	2008	1:50	Wellington	EEUU	Huevo
	22	4	2008	22:30	Saraland	EEUU	Huevo
	22	4	2008	0:00	Palatine	EEUU	Huevo
	21	4	2008	15:00	Redding	EEUU	Huevo
	21	4	2008	1:07	Redding	EEUU	Huevo
	15	4	2008	0:00	Karachi (Pakistan)	Pakistan	Huevo
	30	3	2008	6:01	Sydney (Australia)	Australia	Huevo
	29	3	2008	14:30	Salton Sea	EEUU	Huevo
	28	3	2008	12:00	Westfir/Seattle	EEUU	Huevo
	25	3	2008	20:08	Los Angeles	EEUU	Huevo
	10	3	2008	6:37	Orlando	EEUU	Huevo
	9	3	2008	19:00	Odessa	EEUU	Huevo
	21	2	2008	19:30	Purdy	EEUU	Huevo
	18	2	2008	19:30	Titusville	EEUU	Huevo
	15	2	2008	19:03	UK/England	Reino Unido	Huevo
	12	2	2008	1:00	Tullahoma	EEUU	Huevo
	10	2	2008	10:30	Corona	EEUU	Huevo
	12	1	2008	20:45	Hampton	EEUU	Huevo
	12	1	2008	15:30	Marlton	EEUU	Huevo
	31	12	2007	23:53	Myrtle Beach	EEUU	Huevo
	12	11	2007	13:00	Live Oak	EEUU	Huevo
	24	10	2007	18:00	Garden City	EEUU	Huevo
	6	10	2007	13:00	Oak View	EEUU	Huevo
	12	9	2007	3:00	Aurora	EEUU	Huevo
	1	9	2007	4:00	Boston area	EEUU	Huevo
	28	8	2007	13:25	Yaphank	EEUU	Huevo
	16	8	2007	10:40	Darien	EEUU	Huevo
	12	8	2007	20:00	Issaquah	EEUU	Huevo
	27	7	2007	14:00	Gatlinburg	EEUU	Huevo
	15	7	2007	13:30	Longview	EEUU	Huevo
	22	6	2007	2:00	Fresno (20 min. N of)	EEUU	Huevo
	8	6	2007	22:15	Grimsby (UK/England)	Reino Unido	Huevo
	31	5	2007	23:00	Springfield	EEUU	Huevo
	23	5	2007	23:30	Albany	EEUU	Huevo
	18	5	2007	9:45	Naperville	EEUU	Huevo
	13	5	2007	2:50	South Elgin	EEUU	Huevo
	2	5	2007	23:30	Redondo Beach	EEUU	Huevo
	28	4	2007	No especificado	Moreno Valley	EEUU	Huevo
	21	4	2007	21:30	Blackpool (UK/England)	Reino Unido	Huevo
	12	4	2007	22:47	Calgary (Canada)	Canadá	Huevo
	11	4	2007	13:25	Northampton	EEUU	Huevo
	5	4	2007	21:30	Bel Air	EEUU	Huevo
	3	4	2007	13:00	North Bay (Canada)	Canadá	Huevo
	27	3	2007	17:00	Seattle	EEUU	Huevo
	9	3	2007	19:30	Houston	EEUU	Huevo
	3	3	2007	18:30	Bogota (Colombia)	Colombia	Huevo
	25	1	2007	21:40	Bath	EEUU	Huevo
	20	1	2007	18:25	Tampa	EEUU	Huevo
	2	1	2007	13:00	Comstock Township	EEUU	Huevo
	31	12	2006	17:30	Milwaukee	EEUU	Huevo
	29	12	2006	0:53	London (UK/England)	Reino Unido	Huevo
	27	12	2006	18:25	Perry	EEUU	Huevo
	22	12	2006	4:45	Zama (Japan)	Japan	Huevo
	20	12	2006	19:20	Pahoa	EEUU	Huevo
	11	12	2006	22:50	Birmingham (UK/England)	Reino Unido	Huevo
	28	11	2006	9:32	Roswell	EEUU	Huevo
	20	10	2006	7:45	St. Augustine	EEUU	Huevo
	20	10	2006	6:30	Providence	EEUU	Huevo
	19	9	2006	0:04	Arlington	EEUU	Huevo
	15	9	2006	3:00	Barnesville	EEUU	Huevo
	29	8	2006	13:25	Portland	EEUU	Huevo
	26	8	2006	No especificado	Spring Bank Airport (Canada)	Canadá	Huevo
	13	8	2006	23:00	Redding	EEUU	Huevo
	10	8	2006	1:00	Dumont	EEUU	Huevo
	6	8	2006	4:55	Canton	EEUU	Huevo
	4	8	2006	17:00	San Francisco	EEUU	Huevo
	31	7	2006	3:13	Leicester (UK/England)	Reino Unido	Huevo
	26	7	2006	0:30	Richmond	EEUU	Huevo
	22	7	2006	4:00	Azusa	EEUU	Huevo
	17	7	2006	23:30	Abbotsford (Canada)	Canadá	Huevo
	17	7	2006	13:00	Doraville	EEUU	Huevo
	30	6	2006	17:25	Manchester (UK/England)	Reino Unido	Huevo
	25	6	2006	7:00	Victorville	EEUU	Huevo
	24	6	2006	10:30	Dayton	EEUU	Huevo
	23	6	2006	16:50	Houston	EEUU	Huevo
	20	6	2006	22:20	Santa Fe Springs	EEUU	Huevo
	20	6	2006	21:30	West Chester	EEUU	Huevo
	3	6	2006	23:30	St. Cloud	EEUU	Huevo
	1	6	2006	19:15	Ogden	EEUU	Huevo
	15	5	2006	23:00	Baltimore	EEUU	Huevo
	4	5	2006	0:00	Wausau/Greenbay (on Hwy. 29)	EEUU	Huevo
	26	4	2006	12:00	Alexandria	EEUU	Huevo
	14	4	2006	20:00	Shoreline (Seattle)	EEUU	Huevo
	30	3	2006	19:15	Lawley	EEUU	Huevo
	6	3	2006	14:35	North Hills	EEUU	Huevo
	28	2	2006	18:00	Austin	EEUU	Huevo
	16	2	2006	14:00	Estero	EEUU	Huevo
	15	2	2006	14:00	No especificado	EEUU	Huevo
	9	2	2006	22:08	Fairfield	EEUU	Huevo
	1	2	2006	13:15	Hogback Mountain	EEUU	Huevo
	29	1	2006	23:00	Visalia	EEUU	Huevo
	28	12	2005	23:30	Schoharie	EEUU	Huevo
	24	12	2005	21:00	Jefferson	EEUU	Huevo
	22	12	2005	19:10	Agua Dulce	EEUU	Huevo
	6	12	2005	16:35	Riverside	EEUU	Huevo
	15	11	2005	15:00	Sembach (Germany)	Alemania	Huevo
	11	11	2005	23:33	County Durham (UK/England)	Reino Unido	Huevo
	11	11	2005	9:00	Calhoun	EEUU	Huevo
	10	11	2005	13:30	Camp Verde	EEUU	Huevo
	8	11	2005	14:45	Webster	EEUU	Huevo
	5	11	2005	3:06	Wayne	EEUU	Huevo
	31	10	2005	21:00	Johnstown	EEUU	Huevo
	17	10	2005	22:00	Wixom	EEUU	Huevo
	15	10	2005	16:00	Mineola	EEUU	Huevo
	14	10	2005	19:45	Lincoln (east of)	EEUU	Huevo
	10	10	2005	14:45	Los Angeles	EEUU	Huevo
	2	10	2005	15:00	Toronto (Canada)	Canadá	Huevo
	29	9	2005	8:45	Spring Valley	EEUU	Huevo
	1	9	2005	22:00	Banning	EEUU	Huevo
	25	8	2005	1:00	St. Catharines (Canada)	Canadá	Huevo
	21	8	2005	14:46	Derby (UK/England)	Reino Unido	Huevo
	4	8	2005	22:30	Fernandina Beach	EEUU	Huevo
	11	7	2005	5:23	Auckland (New Zealand)	New Zealand	Huevo
	8	7	2005	10:15	Fargo	EEUU	Huevo
	3	7	2005	21:00	Lake Waco	EEUU	Huevo
	3	7	2005	12:00	Tacoma	EEUU	Huevo
	25	6	2005	12:01	Newton	EEUU	Huevo
	25	5	2005	0:30	New York City (Manhattan)	EEUU	Huevo
	24	5	2005	23:15	Cape Girardeau	EEUU	Huevo
	19	5	2005	11:25	Ledgewood	EEUU	Huevo
	17	4	2005	5:25	Topeka	EEUU	Huevo
	14	4	2005	16:30	Sunbury (inflight; location unknown	EEUU	Huevo
	7	4	2005	13:30	Lake Stevens	EEUU	Huevo
	21	3	2005	9:30	Castro Valley	EEUU	Huevo
	10	3	2005	17:35	Bainbridge Island	EEUU	Huevo
	6	3	2005	22:42	Granby	EEUU	Huevo
	24	2	2005	22:00	Tabiona	EEUU	Huevo
	20	2	2005	2:15	Hicksville	EEUU	Huevo
	19	2	2005	23:47	Rochester	EEUU	Huevo
	12	2	2005	19:00	San Diego	EEUU	Huevo
	10	2	2005	23:20	Vancouver	EEUU	Huevo
	9	1	2005	3:00	Worcester	EEUU	Huevo
	2	1	2005	1:00	Melba	EEUU	Huevo
	1	1	2005	6:51	Monterrey (Mexico)	Mexico	Huevo
	16	12	2004	23:50	Roy	EEUU	Huevo
	1	12	2004	9:00	Dublin	EEUU	Huevo
	27	11	2004	18:30	Lewisville	EEUU	Huevo
	11	11	2004	1:00	Quebec (Canada)	Canadá	Huevo
	6	11	2004	6:00	Kennesaw	EEUU	Huevo
	1	11	2004	2:36	Denman (Australia)	Australia	Huevo
	28	10	2004	3:35	Ridgecrest/China Lake	EEUU	Huevo
	18	10	2004	8:00	Fairfax	EEUU	Huevo
	29	9	2004	21:45	Baltimore	EEUU	Huevo
	22	9	2004	22:00	Paramount	EEUU	Huevo
	22	9	2004	2:30	Mackay (Australia)	Australia	Huevo
	19	9	2004	22:00	Johnson City	EEUU	Huevo
	1	9	2004	20:34	Providence	EEUU	Huevo
	31	8	2004	21:00	Galeton	EEUU	Huevo
	30	8	2004	23:15	Boynton Beach	EEUU	Huevo
	26	8	2004	14:35	Sunol	EEUU	Huevo
	19	8	2004	17:00	Shorewood	EEUU	Huevo
	15	8	2004	2:00	Faluja (Al anbar)(Iraq)	Iraq	Huevo
	12	8	2004	9:45	North Dallas	EEUU	Huevo
	10	8	2004	23:55	Arlington	EEUU	Huevo
	5	8	2004	7:45	Truckee	EEUU	Huevo
	23	7	2004	19:30	Surfside Beach	EEUU	Huevo
	22	7	2004	14:00	Huntington Beach	EEUU	Huevo
	16	7	2004	16:30	Chicago	EEUU	Huevo
	12	7	2004	11:55	Quincy	EEUU	Huevo
	11	7	2004	15:45	Sunderland (UK/England)	Reino Unido	Huevo
	27	6	2004	4:17	Dripping Springs	EEUU	Huevo
	18	6	2004	21:00	Plymouth	EEUU	Huevo
	15	6	2004	5:30	Flushing	EEUU	Huevo
	20	5	2004	21:40	Boston	EEUU	Huevo
	12	5	2004	12:07	London (UK/England)	Reino Unido	Huevo
	19	4	2004	23:10	Phoenix	EEUU	Huevo
	9	4	2004	21:37	Not Given (Canada)	Canadá	Huevo
	8	4	2004	22:24	Albany	EEUU	Huevo
	1	4	2004	18:00	Duncanville	EEUU	Huevo
	29	3	2004	17:00	Hayward	EEUU	Huevo
	25	3	2004	21:00	Fischer	EEUU	Huevo
	25	3	2004	21:00	Fischer	EEUU	Huevo
	22	3	2004	21:30	Greenville	EEUU	Huevo
	19	3	2004	23:10	Phoenix	EEUU	Huevo
	15	3	2004	19:30	West Warwick	EEUU	Huevo
	12	3	2004	2:14	Daytona Beach	EEUU	Huevo
	9	3	2004	13:01	Mississippi	EEUU	Huevo
	7	3	2004	21:30	Lake Wales	EEUU	Huevo
	7	3	2004	14:00	Winter Springs	EEUU	Huevo
	7	3	2004	13:30	La Mesa	EEUU	Huevo
	2	3	2004	12:35	Pasadena	EEUU	Huevo
	1	3	2004	22:00	Newbury (Canada)	Canadá	Huevo
	17	2	2004	1:00	Pittsburgh	EEUU	Huevo
	16	2	2004	20:30	Amityville	EEUU	Huevo
	11	2	2004	10:15	Irvine	EEUU	Huevo
	5	2	2004	17:30	Limassol (Cyprus)	Cyprus	Huevo
	31	1	2004	15:00	Bristol	EEUU	Huevo
	25	1	2004	15:00	Hayward	EEUU	Huevo
	23	1	2004	0:10	Alger	EEUU	Huevo
	22	1	2004	22:55	Chesterfield	EEUU	Huevo
	13	1	2004	16:00	Camden	EEUU	Huevo
	11	1	2004	3:28	West River	EEUU	Huevo
	4	1	2004	10:40	Hayward	EEUU	Huevo
	28	12	2003	20:00	Deer Park	EEUU	Huevo
	20	12	2003	22:40	Evansville	EEUU	Huevo
	16	12	2003	2:00	Webster	EEUU	Huevo
	5	12	2003	1:15	Portage	EEUU	Huevo
	2	12	2003	0:24	South Nyack	EEUU	Huevo
	30	11	2003	12:25	Nottingham (UK/England)	Reino Unido	Huevo
	21	11	2003	20:15	Mesa	EEUU	Huevo
	15	11	2003	21:00	Bournemouth (UK/England)	Reino Unido	Huevo
	2	11	2003	17:00	Delhi (India)	India	Huevo
	19	10	2003	7:00	Yermo/Ft. Irwin	EEUU	Huevo
	11	10	2003	1:29	New York City (Manhattan)	EEUU	Huevo
	28	9	2003	18:00	Santa Fe	EEUU	Huevo
	25	9	2003	22:35	Sydney (NSW, Australia)	Australia	Huevo
	22	9	2003	3:15	Garden city	EEUU	Huevo
	17	9	2003	20:30	Atlanta	EEUU	Huevo
	13	9	2003	17:25	Tijuana (Mexico)	Mexico	Huevo
	7	9	2003	12:03	Pecs (Hungary)	Hungary	Huevo
	30	8	2003	22:00	Mississaugam (Canada)	Canadá	Huevo
	30	8	2003	No especificado	Mt. Katahdin area	EEUU	Huevo
	26	8	2003	21:05	Everett	EEUU	Huevo
	21	8	2003	13:00	Bellingham	EEUU	Huevo
	17	8	2003	0:30	Federal Way	EEUU	Huevo
	3	8	2003	12:35	Oceanside	EEUU	Huevo
	30	7	2003	7:52	Las Vegas	EEUU	Huevo
	28	7	2003	23:30	Woodstock	EEUU	Huevo
	9	7	2003	20:30	Oakland	EEUU	Huevo
	6	7	2003	20:30	Bahia de Los Angeles (Baja, Mexico)	Mexico	Huevo
	4	7	2003	20:30	Vancouver	EEUU	Huevo
	4	7	2003	19:45	Renton	EEUU	Huevo
	24	6	2003	10:20	Terrace (Canada)	Canadá	Huevo
	15	6	2003	16:00	Carthage	EEUU	Huevo
	12	6	2003	16:53	Kenna	EEUU	Huevo
	11	6	2003	14:15	Auckland (New Zealand)	New Zealand	Huevo
	7	6	2003	16:00	Truckee	EEUU	Huevo
	5	6	2003	21:00	Ardmore	EEUU	Huevo
	31	5	2003	20:04	Wollongong (NSW, Australia)	Australia	Huevo
	27	5	2003	7:30	Fremont	EEUU	Huevo
	15	5	2003	21:37	Portsmouth (UK/England)	Reino Unido	Huevo
	10	5	2003	22:00	Welcome	EEUU	Huevo
	1	5	2003	23:02	Arizona City	EEUU	Huevo
	15	4	2003	22:50	Lake Macquarie (NSW, Australia)	Australia	Huevo
	15	4	2003	1:00	Goderich (Canada)	Canadá	Huevo
	11	4	2003	15:00	Charlotte	EEUU	Huevo
	5	4	2003	18:53	Dundee (UK/Scotland)	Reino Unido	Huevo
	4	4	2003	1:00	Staplefield (UK/England)	Reino Unido	Huevo
	29	3	2003	11:00	Skjaldbreid (Iceland)	Iceland	Huevo
	15	3	2003	11:30	Arvada	EEUU	Huevo
	3	3	2003	11:00	Bethel	EEUU	Huevo
	23	2	2003	6:30	Oswestry (UK/England)	Reino Unido	Huevo
	14	2	2003	14:00	Vancouver (Canada)	Canadá	Huevo
	14	2	2003	0:30	Sanford	EEUU	Huevo
	11	2	2003	5:35	New York City (Brooklyn)	EEUU	Huevo
	8	2	2003	3:20	Schoten (Belgium)	Belgium	Huevo
	3	2	2003	20:00	Plymouth Meeting	EEUU	Huevo
	2	2	2003	20:08	Auburn	EEUU	Huevo
	29	1	2003	22:30	Los Angeles	EEUU	Huevo
	25	1	2003	17:45	Van Nuys	EEUU	Huevo
	15	1	2003	14:00	Sterling Heights	EEUU	Huevo
	6	1	2003	4:00	Moundville	EEUU	Huevo
	4	1	2003	11:25	Oued Bakrat (Algeria)	Algeria	Huevo
	17	12	2002	23:00	Newport	EEUU	Huevo
	10	12	2002	18:00	New Wilmington	EEUU	Huevo
	8	12	2002	18:45	Sharpsville	EEUU	Huevo
	4	12	2002	16:00	Gainesville	EEUU	Huevo
	19	11	2002	5:40	Lincolnton	EEUU	Huevo
	19	11	2002	4:00	Pittsburgh	EEUU	Huevo
	15	11	2002	7:30	Mexico City (Mexico)	Mexico	Huevo
	14	11	2002	8:00	Hayward	EEUU	Huevo
	13	11	2002	18:00	Adams	EEUU	Huevo
	13	11	2002	6:45	Sparta	EEUU	Huevo
	9	11	2002	0:45	Annandale	EEUU	Huevo
	6	11	2002	21:05	Champaign	EEUU	Huevo
	29	10	2002	12:00	Bertram	EEUU	Huevo
	19	10	2002	17:50	Calgary (Canada)	Canadá	Huevo
	17	10	2002	19:42	Kracow (Poland)	Poland	Huevo
	16	10	2002	22:15	Las Vegas	EEUU	Huevo
	10	10	2002	22:00	Bahamas	Bahamas	Huevo
	2	10	2002	7:30	Santa Fe	EEUU	Huevo
	2	10	2002	6:34	Northford	EEUU	Huevo
	1	10	2002	19:20	New York City (Staten Island)	EEUU	Huevo
	1	10	2002	16:00	Staten Island	EEUU	Huevo
	1	10	2002	8:30	Santa Fe	EEUU	Huevo
	23	9	2002	21:00	Lebanon Jct.	EEUU	Huevo
	12	9	2002	1:00	Brockville (Canada)	Canadá	Huevo
	11	9	2002	21:00	Worcestershire (UK/England)	Reino Unido	Huevo
	10	9	2002	11:15	Peterborough (UK/England)	Reino Unido	Huevo
	25	8	2002	20:01	Chualar	EEUU	Huevo
	22	8	2002	23:40	Monroe	EEUU	Huevo
	10	8	2002	15:00	Emory	EEUU	Huevo
	8	8	2002	4:00	Staunton	EEUU	Huevo
	2	8	2002	12:30	Seattle	EEUU	Huevo
	30	6	2002	2:30	Bogota (Colombia)	Colombia	Huevo
	28	6	2002	21:00	Wisconsin Dells	EEUU	Huevo
	28	6	2002	13:26	New York City (Staten Island)	EEUU	Huevo
	18	6	2002	16:30	Kettering	EEUU	Huevo
	15	6	2002	20:30	Equinunk	EEUU	Huevo
	13	6	2002	14:00	Tulsa	EEUU	Huevo
	10	6	2002	20:15	Hogansville	EEUU	Huevo
	6	6	2002	23:25	Aurora (Canada)	Canadá	Huevo
	4	6	2002	11:00	Cabins	EEUU	Huevo
	1	6	2002	16:00	Blenheim (New Zealand)	New Zealand	Huevo
	25	5	2002	20:20	Morrison	EEUU	Huevo
	4	5	2002	15:45	Long Island	EEUU	Huevo
	1	5	2002	23:30	Kuala Lumpur (Malaysia)	Malaysia	Huevo
	30	4	2002	20:15	Cheyenne	EEUU	Huevo
	19	4	2002	21:30	Carterville	EEUU	Huevo
	29	3	2002	17:45	Last Chance	EEUU	Huevo
	17	3	2002	1:47	Cleveland	EEUU	Huevo
	17	3	2002	0:15	Globe (20 miles east of)	EEUU	Huevo
	15	3	2002	22:45	Lakeland	EEUU	Huevo
	6	3	2002	23:50	Burney	EEUU	Huevo
	23	2	2002	14:00	Phoenix	EEUU	Huevo
	22	2	2002	14:00	Phoenix	EEUU	Huevo
	22	2	2002	10:00	Front Royal	EEUU	Huevo
	2	2	2002	21:00	Lake Wales	EEUU	Huevo
	2	2	2002	18:10	Schuyler Falls	EEUU	Huevo
	7	1	2002	17:49	Bel Air	EEUU	Huevo
	4	12	2001	19:00	El Dorado	EEUU	Huevo
	27	11	2001	20:00	London (UK/England)	Reino Unido	Huevo
	25	11	2001	23:30	Troy	EEUU	Huevo
	8	11	2001	23:30	Exeter	EEUU	Huevo
	3	11	2001	1:45	Morrison	EEUU	Huevo
	19	10	2001	0:30	Wicklow (Republic of Ireland)	Ireland	Huevo
	15	10	2001	22:30	Wahpeton	EEUU	Huevo
	2	10	2001	6:50	Sandyville	EEUU	Huevo
	11	9	2001	9:00	Madhatan	EEUU	Huevo
	10	9	2001	23:16	Merriam	EEUU	Huevo
	1	9	2001	2:30	Blackburn (UK/England)	Reino Unido	Huevo
	29	8	2001	23:30	Nottingham (UK/England)	Reino Unido	Huevo
	25	8	2001	22:30	Glendora	EEUU	Huevo
	12	8	2001	15:00	Kingman	EEUU	Huevo
	1	8	2001	19:15	Binghamton	EEUU	Huevo
	29	7	2001	21:30	Hamilton (UK/Scotland)	Reino Unido	Huevo
	23	7	2001	18:19	SMYRNA	EEUU	Huevo
	22	7	2001	22:15	Paris	EEUU	Huevo
	17	7	2001	21:30	Jensen Beach	EEUU	Huevo
	15	7	2001	5:00	Arlington Heights	EEUU	Huevo
	11	7	2001	23:00	Grants Pass (Murphy Area)	EEUU	Huevo
	5	7	2001	16:30	Clearfield	EEUU	Huevo
	3	7	2001	22:30	San Diego	EEUU	Huevo
	3	7	2001	22:30	San Diego	EEUU	Huevo
	2	7	2001	19:30	Miami	EEUU	Huevo
	2	7	2001	2:35	East Stroudsburg	EEUU	Huevo
	1	7	2001	22:40	Countryside	EEUU	Huevo
	27	6	2001	7:05	Ann Arbor	EEUU	Huevo
	24	6	2001	22:45	East Haddam	EEUU	Huevo
	14	6	2001	21:30	Rockton	EEUU	Huevo
	10	6	2001	22:30	Anchorage	EEUU	Huevo
	9	6	2001	16:25	Reading	EEUU	Huevo
	1	6	2001	13:00	Charlotte	EEUU	Huevo
	8	5	2001	20:50	Folkestone, Kent (UK/England)	Reino Unido	Huevo
	24	4	2001	8:00	London (Ontario) (Canada)	Canadá	Huevo
	7	4	2001	23:23	Antioch	EEUU	Huevo
	7	4	2001	17:00	Canton	EEUU	Huevo
	14	3	2001	20:45	Lawrenceville	EEUU	Huevo
	2	3	2001	20:24	Puyallup	EEUU	Huevo
	28	2	2001	19:05	Ahmedabad (India)	India	Huevo
	27	2	2001	1:35	Duvall	EEUU	Huevo
	25	2	2001	17:45	Covington	EEUU	Huevo
	16	2	2001	22:17	Mesa	EEUU	Huevo
	12	2	2001	9:45	Vancouver	EEUU	Huevo
	28	1	2001	17:15	Mira Loma	EEUU	Huevo
	26	1	2001	7:45	Branford	EEUU	Huevo
	10	1	2001	12:10	Graham	EEUU	Huevo
	25	12	2000	11:30	Miami	EEUU	Huevo
	24	12	2000	0:10	Lake Havasu City	EEUU	Huevo
	23	12	2000	6:50	Three Rivers (Canada)	Canadá	Huevo
	22	12	2000	22:00	Cordova	EEUU	Huevo
	27	11	2000	20:03	Helena	EEUU	Huevo
	23	11	2000	12:00	Forest lake	EEUU	Huevo
	20	11	2000	15:00	St. Joseph	EEUU	Huevo
	13	11	2000	0:01	Canyon	EEUU	Huevo
	6	11	2000	20:00	Kearney	EEUU	Huevo
	1	11	2000	3:00	Commack	EEUU	Huevo
	31	10	2000	19:15	Cygnet	EEUU	Huevo
	31	10	2000	19:15	Cygnet	EEUU	Huevo
	23	10	2000	22:00	Seattle (Ballard neighborhood)	EEUU	Huevo
	15	10	2000	20:00	New Castle	EEUU	Huevo
	15	10	2000	12:35	Sherwood Park (Canada)	Canadá	Huevo
	15	10	2000	4:00	Clear Lake	EEUU	Huevo
	22	9	2000	23:30	Bradenton	EEUU	Huevo
	15	9	2000	15:00	Stuart	EEUU	Huevo
	14	9	2000	21:00	Homewood	EEUU	Huevo
	14	9	2000	8:10	Vancouver	EEUU	Huevo
	10	9	2000	23:00	Eldorado	EEUU	Huevo
	1	9	2000	2:30	Cameron Park	EEUU	Huevo
	19	8	2000	18:45	West Seneca	EEUU	Huevo
	28	7	2000	1:50	Tonopah	EEUU	Huevo
	23	7	2000	15:00	Valley Stream	EEUU	Huevo
	14	7	2000	22:20	Quincy	EEUU	Huevo
	12	7	2000	23:00	Route 280 Exit 1	EEUU	Huevo
	22	6	2000	21:30	Providence (On the coastline, SSW of)	EEUU	Huevo
	22	6	2000	21:00	Pine Haven	EEUU	Huevo
	2	6	2000	0:00	Peru	EEUU	Huevo
	28	5	2000	14:00	Maricopa	EEUU	Huevo
	22	5	2000	23:00	Gardner	EEUU	Huevo
	16	5	2000	11:00	Charlotte	EEUU	Huevo
	15	5	2000	2:30	Winter Haven	EEUU	Huevo
	5	5	2000	23:45	Sydney (NSW, Australia)	Australia	Huevo
	1	5	2000	17:00	Prairieville	EEUU	Huevo
	24	4	2000	22:30	Cincinnati	EEUU	Huevo
	20	4	2000	21:05	Santa Clara	EEUU	Huevo
	19	4	2000	19:10	Alabaster	EEUU	Huevo
	8	4	2000	18:35	Seattle	EEUU	Huevo
	8	4	2000	18:00	Seattle	EEUU	Huevo
	11	3	2000	19:10	Rye (UK/England)	Reino Unido	Huevo
	29	2	2000	22:00	Tumwater	EEUU	Huevo
	26	2	2000	6:29	Tonawanda	EEUU	Huevo
	15	2	2000	21:20	Fredericktown (Outside of)	EEUU	Huevo
	15	2	2000	1:38	Flushing/Queens	EEUU	Huevo
	19	1	2000	3:19	Lake Worth	EEUU	Huevo
	19	1	2000	3:00	West Palm Beach	EEUU	Huevo
	1	1	2000	23:00	Erath	EEUU	Huevo
	23	12	1999	19:20	Savannah	EEUU	Huevo
	10	12	1999	15:32	OSU Experiment station	EEUU	Huevo
	16	11	1999	23:30	Oklahoma City	EEUU	Huevo
	16	11	1999	19:15	Cleveland	EEUU	Huevo
	8	11	1999	10:00	Iowa City	EEUU	Huevo
	1	11	1999	17:50	San Diego	EEUU	Huevo
	25	10	1999	19:30	Huntington Beach	EEUU	Huevo
	10	10	1999	3:00	St. Agnes de Dundee (Canada)	Canadá	Huevo
	4	10	1999	19:51	Houston	EEUU	Huevo
	23	9	1999	14:00	Millsboro	EEUU	Huevo
	16	9	1999	4:05	Menomonie	EEUU	Huevo
	30	8	1999	20:45	Okinawa (Japan)	Japan	Huevo
	11	8	1999	20:45	Peterhead (Scotland)	Reino Unido	Huevo
	10	8	1999	22:30	Munising	EEUU	Huevo
	5	8	1999	19:00	Northfield	EEUU	Huevo
	4	8	1999	4:00	Grants Pass (Murphy area)	EEUU	Huevo
	1	8	1999	12:00	South Point	EEUU	Huevo
	25	7	1999	19:00	Seneca	EEUU	Huevo
	15	7	1999	17:05	West Bend	EEUU	Huevo
	12	7	1999	23:17	Chautaqua Road	EEUU	Huevo
	10	7	1999	17:10	Tucson	EEUU	Huevo
	7	7	1999	23:39	Grissom AFB (approx. 20 south of)	EEUU	Huevo
	6	7	1999	11:15	Rochester (3 miles east of, Hwy 12 W)	EEUU	Huevo
	6	7	1999	0:00	Cranston	EEUU	Huevo
	1	7	1999	20:00	Toronto (Canada)	Canadá	Huevo
	25	6	1999	0:00	Anderson	EEUU	Huevo
	15	6	1999	11:00	Ontario	EEUU	Huevo
	5	6	1999	15:00	Wilmington	EEUU	Huevo
	18	5	1999	22:00	Douglas	EEUU	Huevo
	18	5	1999	14:00	Tombstone	EEUU	Huevo
	18	5	1999	14:00	Tombstone	EEUU	Huevo
	7	5	1999	21:30	Toronto (Canada)	Canadá	Huevo
	6	5	1999	4:30	Cranston	EEUU	Huevo
	2	4	1999	22:30	St. Louis Park	EEUU	Huevo
	31	3	1999	18:00	Compton	EEUU	Huevo
	27	3	1999	22:00	Marstons Mills	EEUU	Huevo
	20	3	1999	16:00	Macon	EEUU	Huevo
	7	3	1999	1:00	Belvidere	EEUU	Huevo
	2	3	1999	No especificado	Covina	EEUU	Huevo
	7	2	1999	20:30	Quartzite	EEUU	Huevo
	11	1	1999	20:00	Washington County	EEUU	Huevo
	31	12	1998	23:41	Santo Domingo (Dominican Republic)	Dominican Republic	Huevo
	15	12	1998	15:15	Cincinnati	EEUU	Huevo
	15	12	1998	7:10	Atlanta	EEUU	Huevo
	17	11	1998	21:00	Cleveland	EEUU	Huevo
	16	11	1998	22:30	Sheffield City (Just outside)(South Yorkshire) (UK/England)	Reino Unido	Huevo
	11	11	1998	0:45	Derby, Derbyshire (UK/England)(UK)	Reino Unido	Huevo
	10	11	1998	18:48	Federal Way	EEUU	Huevo
	15	10	1998	1:30	Round Rock	EEUU	Huevo
	12	10	1998	4:00	Lincoln	EEUU	Huevo
	10	10	1998	22:30	St. John's (Canada)	Canadá	Huevo
	22	9	1998	16:18	Portsmouth	EEUU	Huevo
	19	9	1998	21:30	Seattle	EEUU	Huevo
	19	9	1998	19:00	Comerio (Puerto Rico)	Puerto Rico	Huevo
	15	9	1998	21:00	Bethel	EEUU	Huevo
	15	9	1998	12:00	Jamestown	EEUU	Huevo
	21	8	1998	15:00	Torrance	EEUU	Huevo
	18	8	1998	20:30	Dayton (Sutro hills area, NE)	EEUU	Huevo
	19	7	1998	11:30	Hicksville (Broadway & Old Country Road)	EEUU	Huevo
	15	7	1998	15:00	Bristol	EEUU	Huevo
	7	7	1998	0:30	Marty	EEUU	Huevo
	5	7	1998	1:00	Boundary Waters	EEUU	Huevo
	20	6	1998	7:00	Morris	EEUU	Huevo
	6	6	1998	8:40	Montverde	EEUU	Huevo
	23	5	1998	20:00	Kolhapur (India)	India	Huevo
	9	4	1998	23:45	Costa Mesa	EEUU	Huevo
	3	4	1998	18:42	Fredericksburg	EEUU	Huevo
	23	2	1998	20:33	McAlester	EEUU	Huevo
	22	11	1997	16:15	Petoskey	EEUU	Huevo
	20	10	1997	22:00	Grimsby (UK/England)	Reino Unido	Huevo
	31	8	1997	5:15	Lost Lake	EEUU	Huevo
	14	7	1997	23:15	Pascagula	EEUU	Huevo
	4	7	1997	13:00	Long Beach	EEUU	Huevo
	15	6	1997	15:00	Wapakoneta	EEUU	Huevo
	1	6	1997	0:01	Egg Harbor Township	EEUU	Huevo
	15	5	1997	5:00	Los Angeles	EEUU	Huevo
	5	5	1997	12:15	West Chester (outside, on Rte. 202)	EEUU	Huevo
	22	4	1997	0:34	Worcester	EEUU	Huevo
	15	4	1997	13:00	South Point	EEUU	Huevo
	3	4	1997	20:45	Melbourne (VIC, Australia)	Australia	Huevo
	15	1	1997	17:30	Long Beach	EEUU	Huevo
	9	1	1997	15:00	Margate (UK/England)	Reino Unido	Huevo
	17	12	1996	0:30	Bellingham	EEUU	Huevo
	13	12	1996	15:20	Simi Valley	EEUU	Huevo
	24	8	1996	15:00	Unknown	EEUU	Huevo
	15	8	1996	21:00	Kelowna (Canada)	Canadá	Huevo
	21	7	1996	1:30	Newtown, TAS (Australia)	Australia	Huevo
	1	7	1996	19:00	Albany	EEUU	Huevo
	21	6	1996	21:45	Avebury	Reino Unido	Huevo
	25	4	1996	23:00	Riggins	EEUU	Huevo
	24	7	1995	22:00	Romford (UK/England)	Reino Unido	Huevo
	15	7	1995	20:00	Salem	EEUU	Huevo
	30	6	1995	3:00	Ecoporanga (farm area; ES) (Brazil)	Brasil	Huevo
	25	2	1995	23:30	Kelowna (Canada)	Canadá	Huevo
	8	10	1994	18:30	Kingstree	EEUU	Huevo
	25	8	1994	12:00	New York City	EEUU	Huevo
	25	8	1994	11:45	New York City	EEUU	Huevo
	7	8	1994	17:00	Port Richey	EEUU	Huevo
	27	7	1994	22:00	Apex	EEUU	Huevo
	15	7	1994	21:00	Aventura	EEUU	Huevo
	15	6	1994	15:00	Tallahassee	EEUU	Huevo
	15	4	1994	14:30	Dayton	EEUU	Huevo
	15	11	1993	12:00	Rome City	EEUU	Huevo
	18	7	1993	0:30	Sainte-Julie (Canada)	Canadá	Huevo
	1	6	1993	No especificado	Salt Lake City	EEUU	Huevo
	10	4	1993	17:30	Omaha	EEUU	Huevo
	9	2	1993	2:00	Lake Stevens	EEUU	Huevo
	9	10	1992	19:49	Peekskill	EEUU	Huevo
	1	10	1992	18:00	Springfield	EEUU	Huevo
	17	7	1992	23:00	Kocevje (Russia)	Russia	Huevo
	21	6	1992	5:00	Mt.Vernon	EEUU	Huevo
	20	5	1992	7:30	Montreal (Canada)	Canadá	Huevo
	15	4	1992	19:30	Midlothian	EEUU	Huevo
	16	2	1992	2:00	Windsor	EEUU	Huevo
	6	1	1992	20:00	Windover (near)	EEUU	Huevo
	24	8	1991	22:00	New York City (Staten Island)	EEUU	Huevo
	15	8	1991	22:45	Marquette	EEUU	Huevo
	15	8	1991	1:00	Peru	EEUU	Huevo
	20	7	1991	16:30	Sierra Vista	EEUU	Huevo
	15	7	1991	23:00	Abingdon	EEUU	Huevo
	11	7	1991	13:00	Albany	EEUU	Huevo
	1	3	1991	4:30	Minneapolis	EEUU	Huevo
	22	9	1990	19:00	Champaign	EEUU	Huevo
	23	6	1990	22:25	Salem	EEUU	Huevo
	28	11	1989	18:35	Peace Vally	EEUU	Huevo
	5	11	1989	2:00	Groom Lake	EEUU	Huevo
	11	8	1989	18:00	Portsmouth	EEUU	Huevo
	15	6	1989	13:00	Grassmere (Canada)	Canadá	Huevo
	20	4	1989	13:00	Tupelo	EEUU	Huevo
	6	3	1989	1:00	New Lenox	EEUU	Huevo
	16	7	1988	23:45	Whittier	EEUU	Huevo
	1	6	1988	2:00	Tamarac	EEUU	Huevo
	17	3	1988	22:00	Pleasantville	EEUU	Huevo
	17	3	1988	20:00	Ossining	EEUU	Huevo
	20	7	1987	23:00	Widnes (UK/England)	Reino Unido	Huevo
	1	6	1987	21:00	Hw 20 west of I-5 about 10 miles	EEUU	Huevo
	1	6	1987	3:00	Olympia	EEUU	Huevo
	8	3	1987	12:27	Ghent	EEUU	Huevo
	1	6	1986	5:00	Plainview	EEUU	Huevo
	5	12	1985	5:00	Manaus-Amazonas (Brazil)	Brasil	Huevo
	12	9	1985	16:10	Kaunakakai	EEUU	Huevo
	7	7	1985	23:30	Yosemite Forest (Yosemite Valley)	EEUU	Huevo
	1	7	1985	22:00	Magnolia	EEUU	Huevo
	15	10	1984	23:00	New Boston	EEUU	Huevo
	7	8	1984	21:00	Caribou	EEUU	Huevo
	1	6	1984	17:00	Wakefield	EEUU	Huevo
	15	4	1984	No especificado	Branford	EEUU	Huevo
	15	6	1983	0:15	Cloverdale	EEUU	Huevo
	1	6	1983	1:00	Broadgate (Jamaica)	Jamaica	Huevo
	1	11	1982	0:00	East Texas River	EEUU	Huevo
	10	6	1982	22:00	Coronado	EEUU	Huevo
	15	10	1981	9:00	Apache Lake	EEUU	Huevo
	12	8	1980	0:00	Nevada City	EEUU	Huevo
	10	7	1980	14:30	Brookwood (UK/England)	Reino Unido	Huevo
	12	6	1980	17:30	Caquas (Puerto Rico)	Puerto Rico	Huevo
	7	6	1980	13:00	Oklahoma City	EEUU	Huevo
	15	2	1980	22:00	Hollister	EEUU	Huevo
	6	2	1980	20:22	Derby (UK/England)	Reino Unido	Huevo
	13	1	1980	21:50	Bremen (Germany)	Alemania	Huevo
	30	9	1979	21:03	Joliet	EEUU	Huevo
	30	6	1979	No especificado	Renton	EEUU	Huevo
	1	6	1979	22:00	Hollister	EEUU	Huevo
	30	6	1978	2:30	29 Palms	EEUU	Huevo
	1	6	1978	13:00	Katy	EEUU	Huevo
	1	5	1978	0:30	Clarence Center	EEUU	Huevo
	6	1	1978	17:00	Gloucester (Canada)	Canadá	Huevo
	2	7	1977	1:00	Carlsbad Cavrans (near)	EEUU	Huevo
	1	6	1977	23:00	Houtzdale R.D.	EEUU	Huevo
	1	6	1977	1:00	Hesperia	EEUU	Huevo
	13	5	1977	13:00	Lake Guadalupe (Mexico)	Mexico	Huevo
	4	12	1976	14:00	Hull (UK/England)	Reino Unido	Huevo
	30	6	1976	22:00	Conley	EEUU	Huevo
	12	5	1976	23:50	Grapevine	EEUU	Huevo
	5	8	1975	18:31	Richmond	EEUU	Huevo
	1	8	1975	4:00	Sunland	EEUU	Huevo
	13	7	1975	19:30	Shoreline	EEUU	Huevo
	30	6	1975	22:00	Taupo (New Zealand)	New Zealand	Huevo
	15	7	1974	2:30	Valley Falls	EEUU	Huevo
	1	6	1974	13:00	Oakville (Canada)	Canadá	Huevo
	11	10	1973	18:45	Jupiter	EEUU	Huevo
	11	10	1973	16:45	Jupiter	EEUU	Huevo
	26	6	1972	10:00	Fort Beaufort (South Africa)	South Africa	Huevo
	8	9	1970	22:00	Kirkby (Merseyside) (UK/England)	Reino Unido	Huevo
	15	8	1970	14:00	Sabana Seca (Puerto Rico)	Puerto Rico	Huevo
	16	6	1970	1:00	Electric City	EEUU	Huevo
	6	6	1970	3:00	Maui	EEUU	Huevo
	15	4	1970	21:30	East Aurora	EEUU	Huevo
	20	1	1970	15:00	Danville	EEUU	Huevo
	30	6	1969	10:00	Westphalia	EEUU	Huevo
	23	9	1968	17:00	Burnaby (Canada)	Canadá	Huevo
	17	8	1968	21:30	Nebo	EEUU	Huevo
	20	6	1968	19:00	York	EEUU	Huevo
	5	10	1967	13:00	Harrisburg	EEUU	Huevo
	15	8	1967	22:00	Abilene (near)	EEUU	Huevo
	30	10	1966	17:50	Gulfport	EEUU	Huevo
	25	9	1966	17:00	Los Banos	EEUU	Huevo
	15	5	1966	22:00	Mentone	EEUU	Huevo
	24	10	1965	18:15	Danvers	EEUU	Huevo
	15	9	1965	15:00	Indianapolis	EEUU	Huevo
	6	8	1965	1:00	San Antonio (ranch outside of)	EEUU	Huevo
	31	7	1965	22:00	Pell Lake	EEUU	Huevo
	15	7	1965	15:00	Westbury	EEUU	Huevo
	2	7	1965	22:30	Narragansett	EEUU	Huevo
	30	6	1965	20:00	Chesapeake (Norfork area)	EEUU	Huevo
	15	3	1965	17:00	Waterville	EEUU	Huevo
	5	1	1965	3:00	Los Alamos	EEUU	Huevo
	23	2	1962	6:15	Crowheart	EEUU	Huevo
	15	9	1961	20:00	Wahoo	EEUU	Huevo
	15	7	1961	23:30	Newberg	EEUU	Huevo
	15	7	1959	No especificado	Alor Islands (Indonesia)	Indonesia	Huevo
	6	6	1956	12:00	Upper Glade	EEUU	Huevo
	1	6	1955	20:30	Clinton	EEUU	Huevo
	1	5	1955	15:00	Holbrook	EEUU	Huevo
	15	6	1952	No especificado	Luke Airforce Base	EEUU	Huevo
	30	6	1971	14:00	Yellowstone National Park	EEUU	Huevo
